Subject,Topic,Detailed Explanation,Procedures,Mistakes and Fixes,Advanced Tips,Error
"Blender collision mesh best practices for physics simulation: how to create separate simplified collision meshes (convex hulls, box approximations) for complex visual meshes, naming conventions for collision vs visual meshes, using Blender's convex hull tool, when to use multiple convex hulls vs single hull, how collision mesh quality affects simulation stability in Isaac Sim, and the workflow for exporting both visual and collision meshes in the same USD file",Blender Collision Mesh Best Practices for Physics Simulation in Isaac Sim,"Effective collision mesh creation in Blender is paramount for achieving stable and performant physics simulations within NVIDIA Isaac Sim. The fundamental principle involves transforming intricate visual geometries into computationally efficient collision shapes, ensuring sufficient accuracy for realistic interactions. Isaac Sim, built upon Universal Scene Description (USD), leverages its physics engine (PhysX) to manage collisions. A thorough understanding of how Blender exports these assets and how Isaac Sim interprets them is critical for establishing a robust workflow.

For complex visual meshes, the adoption of simplified collision geometries, such as **convex hulls** or **box approximations**, is highly recommended. Directly utilizing complex, high-polygon meshes as collision shapes can lead to substantial performance degradation and instability in simulations. Simplified shapes significantly reduce the computational load associated with collision detection, thereby facilitating faster simulation speeds and more stable interactions [2]. Isaac Sim offers various mechanisms to approximate collision meshes, accessible either through its user interface or programmatically [2].

A **convex hull** represents a mesh-like surface that encapsulates all vertices of an object, providing a convex approximation. In Blender, the `Convex Hull` collision shape strikes a favorable balance between performance and accuracy for a wide range of objects [3]. However, it is crucial to recognize that convex hulls can occasionally be incompatible with GPU simulation in Isaac Sim, particularly if the input mesh exhibits a high aspect ratio (e.g., a long, slender shape). Such incompatibilities can trigger a CPU fallback, leading to a significant impact on performance. In these scenarios, alternative approaches like bounding box approximations or static triangle mesh colliders may become necessary [2].

For objects with concave features, a single convex hull will approximate the entire object as a convex shape, which can result in inaccurate collisions (e.g., a robot's end-effector passing through a container). To accurately represent concave geometries while preserving performance, it is frequently necessary to employ **multiple convex hulls** or combine primitive shapes as a **Compound Parent** [3]. Each convex segment of the concave object can be assigned its own simplified collision mesh, and these are then grouped. This methodology generally offers greater stability and performance compared to using a single `Mesh` collision shape for concave objects [3].

For straightforward, box-like objects, utilizing `Box` primitive shapes as collision meshes constitutes the most efficient strategy. The dimensions of the box are derived from the object's bounding box, with the center of gravity situated at its geometric center [3].

While explicit naming conventions for Blender to Isaac Sim are not extensively detailed in the initial research, general best practices in game development and simulation environments advocate for clear differentiation. Collision meshes are often prefixed with identifiers such as `COL_` or `UCX_` (the latter being common in Unreal Engine) to distinguish them from visual meshes. For Isaac Sim, discussions suggest that collision boxes can be consolidated into a single USD file and tagged with `PhysicsCollisionAPI` [2]. It is imperative that Isaac Sim can correctly identify which meshes are intended for visual representation and which are for collision detection. During export from Blender, ensuring that collision meshes are appropriately tagged or organized within the USD hierarchy is essential.

Blender provides a `Convex Hull` operator that generates a convex mesh enclosing selected vertices [4]. This tool is invaluable for directly creating simplified collision geometries within Blender. For rigid body physics, Blender's `Rigid Body Collisions` panel allows users to set the `Shape` to `Convex Hull`, which automatically produces a convex approximation of the object [3].

The quality and simplification of collision meshes directly influence simulation stability and performance. Overly complex collision meshes can lead to:

*   **Performance Degradation:** An increased computational burden for collision detection, resulting in slower simulation speeds [2].
*   **Instability:** Manifestations such as jittering, unexpected forces, or objects interpenetrating due to complex or imprecise collision calculations.
*   **CPU Fallback:** As previously noted, convex hulls with high aspect ratios can cause GPU simulation to revert to CPU processing, significantly impairing performance [2].

Conversely, collision meshes that are excessively simplified and do not accurately represent an object's physical boundaries can result in unrealistic interactions (e.g., objects appearing to float above surfaces or colliding prematurely). The objective is to strike a balance between simplification for enhanced performance and sufficient detail for accurate physical interaction.

The workflow for exporting both visual and collision meshes from Blender into a single USD file for Isaac Sim necessitates meticulous preparation in Blender and a clear understanding of how Isaac Sim interprets the USD structure. NVIDIA forum discussions indicate that while manually adding colliders in Isaac Sim functions, this configuration does not persist, underscoring the need to embed collision information directly into the USD [1].

A recommended workflow involves defining collision shapes as `USD PhysicsCollisionAPI` prims or primitive shapes (`GeomBox`) within the USD file [2]. If meshes are used for collision, they should be grouped into one USD file and marked with `PhysicsCollisionAPI`. For URDF-based workflows, a single link can encompass multiple `<collision>` elements, each referencing a box mesh [2]. Blender's USD exporter typically exports all visible, supported objects. The challenge lies in ensuring that collision meshes are correctly identified and configured as such within the USD, rather than being treated merely as additional visual geometry. This often requires scripting or specialized Blender add-ons to embed the necessary USD physics schema attributes during the export process [2].","### 1. Creating a Simplified Collision Mesh (Convex Hull) in Blender

1.  **Duplicate the Visual Mesh:** Select your complex visual mesh in the 3D Viewport. Press `Shift + D` to duplicate it. It is advisable to move this duplicated mesh to a dedicated collection (e.g., `Collision_Meshes`) for better scene organization.
2.  **Simplify the Duplicated Mesh (Optional but Recommended):** If the duplicated mesh has a very high polygon count, consider simplifying it further. In `Edit Mode` (press `Tab`), select all vertices (press `A`), then navigate to `Mesh > Clean Up > Decimate Geometry` or apply the `Decimate Modifier` from the `Modifiers` tab. The goal is to achieve a significantly lower polygon count while preserving the overall shape.
3.  **Apply Convex Hull:** With the simplified mesh selected, enter `Edit Mode` (press `Tab`). Select all vertices (press `A`). Press `F3` (or `Spacebar`, depending on your keymap) to open the search menu and type ""Convex Hull."" Select `Mesh > Convex Hull`. This action will generate a convex approximation of your mesh. For objects containing concave sections, it may be necessary to create multiple convex hulls for different parts.
4.  **Rename the Collision Mesh:** Adopt a clear naming convention to differentiate the collision mesh from the visual mesh. A common practice involves prefixing the collision mesh with `COL_` or `UCX_` (e.g., `COL_MyObject` or `UCX_MyObject`). This aids in identifying collision geometries, particularly when exporting to formats like USD for Isaac Sim.
5.  **Set as Rigid Body Collision Shape (for Blender's Internal Physics Preview):** This step is primarily for visualizing the collision shape within Blender's internal physics engine. In `Object Mode`, select your collision mesh. Navigate to the `Physics Properties` tab (represented by a bouncing ball icon). Click `Rigid Body`. Set the `Type` to `Passive` (for static objects) or `Active` (for dynamic objects). Under `Collisions`, set the `Shape` to `Convex Hull`.

### 2. Creating a Simplified Collision Mesh (Box Approximation) in Blender

1.  **Duplicate the Visual Mesh:** Select your complex visual mesh. Press `Shift + D` to duplicate it. Move it to a `Collision_Meshes` collection.
2.  **Create a Bounding Box:** With the duplicated mesh selected, switch to `Object Mode`. Add a `Cube` (`Shift + A > Mesh > Cube`). Scale and position this cube to approximate the bounding box of your original object. Utilize `Wireframe` mode (press `Z` then select `Wireframe`) to better visualize the original mesh within the cube.
3.  **Rename the Collision Mesh:** Rename the cube following a clear naming convention, such as `COL_MyObject_Box`.
4.  **Set as Rigid Body Collision Shape (for Blender's Internal Physics Preview):** In `Object Mode`, select your box collision mesh. Go to the `Physics Properties` tab. Click `Rigid Body`. Set the `Type` to `Passive` or `Active`. Under `Collisions`, set the `Shape` to `Box`.

### 3. Exporting Visual and Collision Meshes to USD for Isaac Sim (General Workflow)

1.  **Prepare your Scene in Blender:** Ensure that your visual meshes are finalized and your simplified collision meshes (convex hulls, boxes) are created and correctly named. It is often advantageous to parent the collision meshes to their corresponding visual meshes, or to an empty object that serves as the root for the asset.
2.  **Select Objects for Export:** Select all visual and collision meshes intended for export. For complex hierarchies, selecting the parent empty or the primary visual mesh may suffice, depending on your parenting structure.
3.  **Export to USD:** Navigate to `File > Export > Universal Scene Description (.usd)`. In the export options, confirm that `Selected Objects` is checked. Look for any available options related to `Physics` or `Collision` in your Blender USD exporter version or any installed add-ons. Some advanced exporters or custom scripts might facilitate direct embedding of `UsdPhysics.CollisionAPI`. If not, you will need to apply `PhysicsCollisionAPI` in Isaac Sim or through a Python script after import.
4.  **Verify in Isaac Sim:** Import the exported USD file into Isaac Sim. Confirm that both visual and collision geometries are present and function as expected. Utilize the `Debug` visualization options in Isaac Sim to inspect collision meshes. If collisions are not working, it may be necessary to manually add `Colliders` (right-click on prim > `Add > Physics > Colliders`) or apply `PhysicsCollisionAPI` via scripting in Isaac Sim [1].","Problem: Collision mesh not persisting after scene reload in Isaac Sim. | Fix: Manually adding colliders in the Isaac Sim UI does not permanently save collision information. Collision data must be embedded directly into the USD file during export from Blender or programmatically added via the Python USD API in Isaac Sim. Ensure `PhysicsCollisionAPI` is applied to the collision prims [1].
Problem: Robot's hands pass through objects (no collision). | Fix: This indicates a missing or improperly configured collision mesh. Verify the existence of a collision mesh for the object and its correct recognition by Isaac Sim. Ensure the collision mesh is marked with `PhysicsCollisionAPI` [1].
Problem: Exported USD file exhibits incorrect scale after adding a collider in Isaac Sim and re-exporting. | Fix: Manual collider addition in Isaac Sim followed by re-export can lead to significant scale alterations. It is advisable to manage collision mesh creation and export primarily from Blender, or programmatically within Isaac Sim, to prevent scale inconsistencies [1].
Problem: `MeshCollisionPropertiesCfg` does not accept the `mesh_approximation` parameter in Isaac Lab spawn configuration. | Fix: This signifies a configuration incompatibility. Instead of relying on `mesh_approximation` in the spawn configuration, define collision shapes as `USD PhysicsCollisionAPI` prims or primitive shapes (`GeomBox`) directly within the USD file, or utilize a URDF with `<collision>` elements [2].
Problem: High aspect ratio convex hulls trigger CPU fallback in Isaac Sim GPU simulation. | Fix: For elongated, thin shapes, convex hull approximations can be incompatible with GPU simulation, resulting in performance degradation. Solutions include switching to a bounding cube approximation or employing a static triangle mesh collider if the geometry is not part of a dynamic rigid body [2].
Problem: Disappearing geometry or broken references following GLB/OBJ import and conversion. | Fix: The mesh converter tool can have quirks. Always validate the output USD with the Isaac Sim Mesh Converter. Check for unsupported features (e.g., non-manifold meshes, unsupported materials). OBJ is generally more reliable for static scenes, but direct USD export from Blender is preferred. After conversion, meticulously check mesh paths and rectify broken references in the resulting USD file [2].
Problem: Collider inaccuracy when using primitive shapes (e.g., a sphere collider for a hollow object). | Fix: Primitive colliders, such as spheres, approximate the entire bounding box. For hollow or complex shapes, a primitive collider may not accurately represent internal collisions. Instead, create a mesh-based collider (e.g., a mesh cylinder with a collider) or combine multiple primitive shapes as a compound parent to better approximate the object's form [3].","Tip: Prioritize Primitive Colliders for Performance: Primitive colliders (box, sphere, capsule, plane) offer the highest performance. Employ them whenever feasible to approximate simple shapes. Convex meshes (Convex Hull) represent the next most efficient option [2, 5].
Tip: Reduce Unnecessary Collisions: Minimize object overlaps to decrease simulation overhead. Excessive contacts and collisions are computationally intensive [2].
Tip: Utilize Simplified Physics: Implement simplified physics collision geometries or reduce simulation fidelity to enhance performance. This can be achieved by modifying assets and adjusting physics parameters within the simulation configuration [2].
Tip: Script Programmatic Collision Generation: For comprehensive control and batch generation of static geometry, develop Python scripts to programmatically add collision boxes as USD prims with PhysicsCollisionAPI attached [2].
Tip: Optimize Collision Geometries on Robots: For intricate robots, remove collision geometries from areas not critical for training (e.g., non-contact parts of legs) to optimize performance [2].
Tip: Consider `Compound Parent` for Concave Shapes: To efficiently and stably simulate concave objects, combine multiple primitive shapes or convex hulls as a `Compound Parent` in Blender. This approach is generally faster and more stable than using a single `Mesh` collision shape for concave objects [3].
Tip: Verify USD Output with Isaac Sim Mesh Converter: Always inspect the output USD files with the Isaac Sim Mesh Converter to ensure correctness and identify any anomalies or unsupported features [2].
Tip: Use Blender USD Export for Geometry Issues: If persistent geometry issues arise with other converters, Blender's native USD export is recommended [2].
Tip: Implement Naming Conventions for Organization: Although not strictly enforced by Isaac Sim, adopting clear naming conventions (e.g., `COL_` prefix for collision meshes) facilitates the management of complex scenes and the easy identification of collision geometries.
Tip: Debug Collision Meshes in Isaac Sim: Leverage Isaac Sim's debug visualization tools to examine collision meshes and confirm their correct loading and positioning relative to their visual counterparts. This proactive approach helps in early issue identification [2].",
"Blender units and scale for robotics simulation: Blender default unit system (meters), how to set scene units correctly, common scale mistakes (modeling in wrong units), how Isaac Sim interprets Blender units, the difference between Blender scale and real-world scale, checking dimensions with the Measure tool, and how to fix scale issues before export without breaking the model",Blender Units and Scale for Robotics Simulation in Isaac Sim,"Blender's unit system and scaling conventions are paramount for achieving accurate and realistic robotics simulations, particularly when integrating 3D models into environments like NVIDIA Isaac Sim. A thorough understanding of how Blender manages dimensions and how these are interpreted by simulation platforms is crucial to prevent common issues such as incorrect object sizing, unexpected physics behavior, and visual inconsistencies that can undermine the fidelity of a simulation.

## Blender's Default Unit System and Scene Units

Blender, by default, operates within a **Metric** unit system where **1 Blender Unit (BU) is intrinsically equivalent to 1 meter**. This default configuration is generally optimal for modeling real-world objects, including robotic components, as it aligns with standard engineering and scientific measurements. However, Blender provides robust options to customize these unit settings to conform to specific project requirements or the conventions of external software.

To configure the scene units, users should navigate to the `Properties Editor`, typically located on the right side of the Blender interface. Within this editor, select the `Scene Properties` tab, which is often represented by an icon resembling a cone and a plane. Under the `Units` panel, the `Unit System` can be toggled between `Metric` and `Imperial`. For the vast majority of robotics simulations, the `Metric` system is the universally preferred choice due to its scientific and engineering prevalence. Furthermore, within the Metric system, the `Length` unit can be precisely defined, offering options such as `Meters`, `Centimeters`, or `Millimeters`. It is important to note the `Unit Scale` parameter, which acts as a global multiplier affecting how internal Blender units are visually represented in the user interface. While it might seem convenient to alter this scale for display purposes, it is critical to understand that **this setting primarily influences the displayed values and does not inherently modify the internal scale of objects or the underlying behavior of physics simulations** [1]. For example, if a cube is modeled as 2x2x2 Blender Units (representing 2x2x2 meters internally) and the `Unit Scale` is set to 0.01, it will be displayed as 2x2x2 centimeters in the user interface. However, for physics calculations and during export, Blender will still treat it as 2x2x2 meters, potentially leading to discrepancies if not properly managed.

## Isaac Sim's Interpretation of Blender Units

NVIDIA Isaac Sim, a powerful robotics simulation platform built upon the Universal Scene Description (USD) framework, adheres to its own set of conventions for interpreting units. Historically, versions of Isaac Sim released prior to 2022.1 utilized **centimeters** as their default distance unit. However, with the release of **Isaac Sim 2022.1.0 and subsequent versions, the platform has transitioned to standardize on meters** as its default unit [2]. This crucial shift brings Isaac Sim's default unit system into closer alignment with Blender's native internal units, simplifying the interoperability between the two platforms.

When exporting a USD file from Blender for use in Isaac Sim, the `metersPerUnit` metadata embedded within the USD file plays a critical role. This value explicitly communicates to the importing application how to interpret the numerical dimensions within the USD file in terms of meters. Ideally, if models in Blender are meticulously created with a 1 BU = 1 meter correspondence, the `metersPerUnit` value in the exported USD should be set to 1.0. Any deviation from this ideal can result in significant scaling discrepancies. For instance, if a Blender model, designed to be 1 BU = 1 meter, is exported with a `metersPerUnit` value of 0.01 (which implies centimeters), Isaac Sim might erroneously interpret the model as being 100 times smaller than its intended size, or vice-versa [3]. It is worth noting that there have been documented instances where Isaac Sim has defaulted to `metersPerUnit = 0.01` even when meters were the expected unit, underscoring the necessity for diligent verification during both the export and import processes [4].

## Common Scale Mistakes and How to Fix Them

One of the most frequent errors encountered by users is **modeling in incorrect units**. This occurs when an object is created without due consideration for its real-world dimensions or the specific unit system of the target simulation environment. For example, designing a robotic arm in Blender as 1 Blender Unit (1 meter) when the simulation platform expects dimensions in centimeters can result in a dramatic 100x size mismatch upon import.

Another prevalent issue is **not applying scale** to objects. In Blender, performing scaling operations in `Object Mode` alters the visual size of an object but preserves its original mesh data scale. This leads to non-uniform scale values (e.g., Scale X, Y, Z not all being 1.0) in the object's transform properties. When such models are exported, certain applications may misinterpret this unapplied scale, leading to distorted geometry or incorrect object sizes. To rectify this, applying scale (`Ctrl+A > Scale`) is essential. This operation resets the scale values to 1.0 while maintaining the object's visual dimensions, effectively baking the scaling transformation directly into the mesh data.

Finally, **incorrect `metersPerUnit` in USD Export** is a significant source of scaling problems. As previously highlighted, a discrepancy between Blender's internal unit system and the `metersPerUnit` value specified in the exported USD file can cause substantial scaling issues within Isaac Sim. This typically manifests as models appearing either excessively large or disproportionately small within the simulation environment.

**Fixing Scale Issues Before Export Without Breaking the Model:**

To mitigate these issues, it is imperative to:

*   **Model to Real-World Scale:** Consistently model all objects in Blender to their actual real-world dimensions, with meters as the primary unit. This practice significantly reduces the likelihood of conversion errors and ensures a more accurate representation in the simulation.
*   **Apply Scale Regularly:** Prior to exporting, ensure that the scale of all objects has been applied. This step is particularly critical for objects that have undergone scaling transformations in `Object Mode`. For complex rigged models, such as robots with armatures, applying scale requires a specific workflow to prevent the disruption of animations or deformations. A general approach involves selecting both the armature and all associated meshes, then applying the scale. Should issues arise, exploring alternative methods like applying scale to delta transforms or utilizing specialized add-ons, or even carefully re-rigging the model after scaling, may be necessary [5].
*   **Verify USD Export Settings:** During the USD export process from Blender, it is crucial to explicitly check and configure the `Units` option to `Meters` and confirm that `Meters Per Unit` is set to `1.0`. This ensures that the exported USD file accurately communicates the intended scale to Isaac Sim, preventing misinterpretations.

## Checking Dimensions with the Measure Tool

Blender's **Measure tool** is an indispensable utility for verifying the precise dimensions of objects within your scene. This interactive tool allows users to accurately measure distances and angles between various elements, such as points, edges, or faces. Its utility is particularly pronounced when confirming that your 3D models adhere to real-world dimensions, a critical step before exporting to a simulation environment.

To utilize the Measure tool, select it from the `Toolbar`, which is typically positioned on the left side of the 3D Viewport and can be toggled with the `T` key. Once activated, you can click and drag within the 3D Viewport to create a measurement line between any two desired points. For enhanced precision, it is highly recommended to enable snapping functionality by clicking the magnet icon in the header of the 3D Viewport and selecting appropriate snap elements, such as `Vertex` or `Edge` [6]. The measured distance will be clearly displayed adjacent to the created measurement line. Regular use of this tool to verify critical dimensions can effectively identify and resolve scale-related issues early in the modeling pipeline, thereby saving significant time and effort during the simulation integration phase.","### 1. Setting Scene Units in Blender

To ensure your Blender scene is correctly configured for robotics simulation, follow these steps:

1.  **Open Blender** and locate the `Properties Editor`, typically situated on the right-hand side of the interface.
2.  Click on the `Scene Properties` tab, which is identifiable by an icon resembling a cone and a plane.
3.  Within the `Units` panel, set the `Unit System` to `Metric`.
4.  Confirm that the `Length` unit is set to `Meters`.
5.  It is generally recommended to maintain the `Unit Scale` at `1.0` for accurate real-world scale modeling, as this setting primarily influences display values and does not affect internal physics calculations [1].

### 2. Checking Dimensions with the Measure Tool

To verify the dimensions of your models within Blender, utilize the Measure Tool:

1.  In the 3D Viewport, access the `Toolbar` located on the left side (this can be toggled by pressing the `T` key).
2.  Select the `Measure` tool, which typically has an icon resembling a ruler.
3.  Click and drag within the 3D Viewport to create a measurement line between any two desired points on your model.
4.  For precise measurements, activate snapping by clicking the magnet icon in the header of the 3D Viewport. Then, select appropriate snap elements, such as `Vertex` or `Edge`, to ensure accurate alignment [6].
5.  The measured distance will be displayed directly adjacent to the created measurement line.

### 3. Applying Scale to Objects

Applying scale is a critical step to ensure that transformations are baked into the object's data, preventing export issues:

1.  Select the object(s) you wish to modify while in `Object Mode`.
2.  Press `Ctrl + A` (or `Cmd + A` on Mac) to invoke the `Apply` menu.
3.  From the available options, choose `Scale`. This action will reset the object's scale values to 1.0 in the `Item` tab of the `N-Panel` (which can be toggled with the `N` key), while preserving the object's visual size.

### 4. Exporting to USD for Isaac Sim

When exporting your Blender model to a USD file for use in Isaac Sim, pay close attention to these settings:

1.  Navigate to `File > Export > Universal Scene Description (.usd)`.
2.  In the export options dialog, under the `Units` section, ensure that `Units` is set to `Meters` and `Meters Per Unit` is `1.0`. This configuration is vital for Isaac Sim to correctly interpret the scale of your model.
3.  Review other pertinent export settings, such as `Selection Only` if you intend to export only selected objects. Additionally, consider the `Convert Orientation` option if your Blender scene's up/forward axis conventions differ from those expected by Isaac Sim (Blender typically uses Y Forward, Z Up) [7].
4.  Finally, click `Export USD` to complete the process.","Problem: Objects appear tiny or enormous in Isaac Sim after export. | Fix: This common issue often stems from a mismatch in the `metersPerUnit` value during USD export. To resolve this, ensure that within Blender's USD export settings (accessible via `File > Export > Universal Scene Description (.usd)`), the `Units` are explicitly set to `Meters` and the `Meters Per Unit` value is `1.0`. This configuration ensures that if your Blender scene was modeled in meters, Isaac Sim will interpret the scale correctly. Additionally, it is advisable to verify Isaac Sim's project settings, as older versions or specific configurations might default to centimeters (0.01 meters per unit), which would necessitate further adjustments [2, 3, 4].

Problem: Physics simulations behave unexpectedly, such as objects falling too fast or too slow, or collisions appearing inaccurate. | Fix: This problem typically arises because Blender's `Unit Scale` setting, found under `Scene Properties > Units`, primarily affects display values and does not influence internal physics calculations. To ensure accurate physics behavior, always model objects to their real-world dimensions (where 1 Blender Unit equals 1 meter) and make certain that the scale of all objects is applied (`Ctrl+A > Scale`) before exporting. Unapplied scale can lead to incorrect physics properties and unpredictable simulation outcomes [1].

Problem: Models appear distorted or exhibit incorrect dimensions after applying scale. | Fix: While applying scale (`Ctrl+A > Scale`) is a crucial step, it can sometimes lead to broken animations or mesh deformations, particularly for complex rigged models like robots with armatures. To prevent this, ensure that both the armature and its associated meshes are selected before applying scale. If distortions or issues persist, consider exploring alternative methods such as applying scale to delta transforms, utilizing specialized add-ons designed for complex rigging, or, if necessary, carefully re-rigging the model after the scaling operation [5].

Problem: Visual discrepancies persist between Blender and Isaac Sim, even after correcting scale. | Fix: Beyond mere scaling, differences in coordinate system orientation can cause visual inconsistencies. Blender uses a Y-Forward, Z-Up orientation, whereas Isaac Sim (and the USD standard) typically employs a Y-Up convention. Although Blender's USD importer and exporter often handle these conversions automatically through options like `Convert Orientation`, it is prudent to verify the `Forward / Up Axis` settings during export if you encounter persistent visual orientation problems [7].","Tip: Always prioritize modeling in real-world units (meters) from the initial stages of your project. This proactive approach significantly reduces the occurrence of scaling discrepancies and ensures consistent behavior across various simulation platforms. Should you require finer precision for display purposes, adjust the `Length` display unit (e.g., to `Centimeters` or `Millimeters`) within `Scene Properties > Units`, but consistently maintain the `Unit Scale` at `1.0`.

Tip: Make it a regular practice to utilize Blender's `Measure` tool to meticulously verify the critical dimensions of your models against their real-world specifications. This is particularly vital for robotic components where dimensional accuracy directly impacts simulation fidelity. For enhanced precision, enable snapping to vertices or edges during measurement [6].

Tip: In instances where persistent scaling issues arise during USD export, a highly effective diagnostic method involves creating a simple reference cube (1m x 1m x 1m) in both Blender and Isaac Sim. Export the Blender cube and import it into Isaac Sim. By comparing the dimensions of this reference object, you can quickly identify and diagnose any scale discrepancies, allowing for precise adjustments to your export settings until a perfect match is achieved.

Tip: For projects involving complex scenes or assets, strategically leverage Blender's `Scene Properties` to manage different configurations or versions. While the `Unit Scale` primarily influences visual representation, maintaining a consistent `Unit System` and `Length` unit across all scenes and linked assets is paramount for a streamlined and error-free workflow.

Tip: Develop an awareness of the `metersPerUnit` value embedded within the USD file itself. Although Blender's exporter automatically sets this value, understanding that this metadata serves as the definitive source for Isaac Sim's scale interpretation is crucial. If any manual editing of the USD file is undertaken, ensure this value is correctly set to `1.0` for models based on meters.

Tip: For assets characterized by intricate hierarchies or animations, implement a strategy of frequent test exports throughout the modeling process. This iterative approach facilitates the early detection and correction of any scale or transformation-related issues, preventing them from becoming deeply entrenched and more challenging to resolve in later stages.

Tip: Actively engage with community forums and official documentation, such as the NVIDIA Developer Forums and the Blender Manual. These resources are invaluable for staying abreast of the latest best practices and for troubleshooting specific challenges encountered during the integration of Blender and Isaac Sim, often providing solutions to niche problems reported by other users [2, 3, 4].",
"Blender workflow efficiency hacks: using custom properties on objects for simulation metadata, using object data properties for mass and friction hints, the N-panel Item tab for precise coordinate entry, using drivers to link parameters, batch renaming objects in the outliner, using the Asset Library for reusable robot parts, and keyboard shortcut customization for robotics workflows",Blender workflow efficiency hacks for robotics simulation asset preparation,"**Custom Properties for Simulation Metadata:**
Blender's custom properties provide a powerful mechanism to embed user-defined data directly within Blender's data-blocks, such as objects, bones, and sequence strips. This functionality is particularly valuable in robotics simulation workflows, where specific metadata—like unique identifiers, simulation-specific flags, or configuration parameters—needs to be associated with 3D assets. Instead of relying solely on external files or complex naming conventions, custom properties allow for a more integrated and robust approach to managing asset information. These properties can be accessed and manipulated via Python scripting, making them ideal for automating data transfer to simulation environments like Isaac Sim. They can also drive other properties within Blender, enabling dynamic asset behavior based on embedded metadata.

**Object Data Properties for Mass and Friction Hints (Isaac Sim):**
For realistic robotics simulations in environments like Isaac Sim, accurately defining physical properties such as mass and friction is crucial. While Blender has its own physics engine, Isaac Sim often requires these properties to be defined or hinted at in a specific manner for its own physics engine. Instead of directly using Blender's physics settings for simulation, the workflow involves creating and assigning dedicated physics materials within Isaac Sim's environment. These materials, which can be tuned for friction coefficients and restitution, are then applied to objects imported from Blender. This separation ensures that the simulation's physical behavior is consistent with Isaac Sim's engine, rather than being an approximation based on Blender's internal physics calculations.

**N-panel Item Tab for Precise Coordinate Entry:**
Precision is paramount in robotics asset creation. The N-panel (accessed by pressing 'N' in the 3D viewport) offers an intuitive way to precisely control an object's location, rotation, and scale. Within the 'Item' tab of the N-panel, users can input exact numerical values for these transformations. This is particularly useful when aligning robot components, setting pivot points, or ensuring specific dimensions for simulation accuracy. While Blender offers various snapping tools, direct numerical input in the N-panel guarantees absolute precision, which is often a requirement for robotics models where even small discrepancies can lead to simulation errors.

**Using Drivers to Link Parameters:**
Blender drivers are a powerful feature that allows properties of one object or data-block to control the properties of another. This creates dynamic relationships between different elements in a scene, which is highly beneficial for robotics workflows. For instance, a driver can be used to link the rotation of a robot joint to a custom property, allowing for easy manipulation and animation of complex mechanisms. Drivers can also be used to create interdependencies between various simulation parameters, ensuring that changes to one value automatically update related values. This not only streamlines the animation and setup process but also helps maintain consistency and reduces the potential for errors in complex robot models.

**Batch Renaming Objects in the Outliner:**
As robotics models can consist of numerous interconnected parts, maintaining a clear and organized naming convention is essential. Blender's batch rename functionality, accessible via `Ctrl + F2`, allows users to efficiently rename multiple objects in the Outliner simultaneously. This feature supports various operations, including finding and replacing text, adding prefixes or suffixes, stripping characters, and changing case. By implementing a systematic naming scheme, such as `robot_arm_joint_01` or `gripper_finger_left`, users can significantly improve scene readability, simplify object selection, and facilitate scripting and data export for simulation. This is especially critical when dealing with large assemblies where manual renaming would be time-consuming and prone to errors.

**Using the Asset Library for Reusable Robot Parts:**
Blender's Asset Browser provides a centralized system for organizing and reusing assets, including entire robot parts, materials, and node groups. For robotics simulation, this means creating a library of standardized components—such as motors, sensors, or modular links—that can be easily dragged and dropped into new projects. This approach promotes modular design, accelerates asset creation, and ensures consistency across different robot models. By marking objects or collections as assets, they become readily available in the Asset Browser, complete with their associated properties and custom metadata. This significantly reduces repetitive modeling tasks and allows engineers and designers to focus on higher-level robot design and simulation scenarios.

**Keyboard Shortcut Customization for Robotics Workflows:**
Optimizing workflow efficiency often involves tailoring the software environment to specific tasks. Blender's extensive keyboard shortcut customization options allow users to create a personalized hotkey setup that aligns with their robotics modeling and simulation needs. This can involve remapping existing shortcuts, creating new ones for frequently used operations, or even assigning shortcuts to Python scripts that automate complex tasks. For example, a custom shortcut could be assigned to a script that automatically sets up physics properties for a selected object or exports a model in a specific format required by Isaac Sim. A well-configured keymap can drastically reduce mouse travel and menu navigation, leading to a faster and more fluid workflow, especially for repetitive tasks common in robotics asset preparation.","**1. Using Custom Properties for Simulation Metadata**
1.  **Add a Custom Property:** In Blender, select the object (or bone/sequence strip) to which you want to add a custom property. Navigate to the **Properties Editor** (usually on the right side of the Blender interface). Scroll down to find the **Custom Properties** panel (often at the bottom of most Properties or Sidebar regions). Click the **New** button.
2.  **Configure Custom Property:** After adding, click the **Edit** icon next to the new property. In the pop-up dialog, you can set the `Type` (e.g., Float, Integer, String, Boolean, Data-Block), `Property Name`, `Default Value`, `Min`, `Max`, `Soft Limits`, `Step`, `Precision`, `Subtype` (for floats), and `Description` (for a custom tooltip).
3.  **Access via Python:** Custom properties can be accessed programmatically via Blender's Python API, similar to a dictionary. For example, `bpy.data.objects[""ObjectName""][""PropertyName""]`.

**2. Object Data Properties for Mass and Friction Hints (Isaac Sim)**
1.  **Add Physics Properties in Isaac Sim:** In Isaac Sim, select the object(s) in the Stage tree. In the **Property** tab, click the `+ Add` button and select `Physics > Rigid Body with Colliders Preset` to enable basic physics and collision properties.
2.  **Create Physics Material:** In Isaac Sim, go to the **Menu Bar** and click `Create > Physics > Physics Material`. Select `Rigid Body Material` in the pop-up. A new `PhysicsMaterial` will appear in the Stage tree.
3.  **Tune Physics Material Parameters:** Select the newly created `PhysicsMaterial` in the Stage tree. In its **Property** tab, tune parameters such as `friction coefficients` and `restitution`.
4.  **Assign Physics Material to Object:** Select the object in the Stage tree. Find the menu item `Materials on Selected Model` in the **Property** tab and select the desired physics material from the dropdown menu.

**3. N-panel Item Tab for Precise Coordinate Entry**
1.  **Open N-panel:** In the 3D viewport, press the `N` key to open the N-panel (also known as the Sidebar).
2.  **Access Item Tab:** Click on the **Item** tab within the N-panel.
3.  **Precise Transformation Entry:** Under the `Transform` section, you can numerically input exact values for `Location`, `Rotation`, and `Scale` for the selected object.
4.  **Set Origin to 3D Cursor:** To precisely move an object's origin: 
    a. Move the 3D Cursor to the desired location. This can be done by snapping it to a selected vertex/face in `Edit Mode > Mesh > Snap > Cursor to Selected`, or by numerically entering its coordinates in the `N-panel > View > 3D Cursor`.
    b. In `Object Mode`, go to `Object > Set Origin > Origin to 3D Cursor`.

**4. Using Drivers to Link Parameters**
1.  **Add a Driver:** Right-click on the property you want to drive (e.g., an object's Z-location, a custom property) and select `Add Driver`.
2.  **Open Drivers Editor:** The `Drivers Editor` (or `Graph Editor` set to `Drivers` mode) will appear. Here you can configure the driver.
3.  **Configure Driver Variables:** In the `Drivers` panel (N-panel in the Drivers Editor), define `Driver Variables`. These variables typically reference properties from other objects or data-blocks (e.g., `Transform Channel` of another object, `Single Property` of a custom property).
4.  **Define Expression:** Use the `Expression` field to define how the driver variables influence the driven property. This can be a simple mathematical expression or a more complex Python script.

**5. Batch Renaming Objects in the Outliner**
1.  **Select Objects:** In the **Outliner** (or 3D viewport), select all the objects you wish to rename.
2.  **Open Batch Rename:** Press `Ctrl + F2` to open the `Batch Rename` dialog.
3.  **Choose Data Source:** Select `Selected` to operate on the currently selected objects, or `All` to operate on all data in the blend file.
4.  **Choose Data Type:** Select the specific data-block type (e.g., `Object`, `Mesh`, `Material`) to perform the batch rename on.
5.  **Apply Operations:** Use the available operations:
    *   **Find/Replace:** Search for a specific text string and replace it. Supports `Regular Expressions`.
    *   **Set Name:** Set a new name, or add a `Prefix` or `Suffix`.
    *   **Strip Characters:** Remove `Spaces`, `Digits`, or `Punctuation` from the `Start` or `End` of names.
    *   **Change Case:** Convert names to `Upper Case`, `Lower Case`, or `Title Case`.

**6. Using the Asset Library for Reusable Robot Parts**
1.  **Set up Asset Library:** Go to `Edit > Preferences > File Paths`. Under `Asset Libraries`, click the `+` button to add a new path and select a directory where your asset `.blend` files will be stored.
2.  **Mark as Asset:** In your `.blend` file, right-click on the object, material, or node group in the Outliner or relevant editor and select `Mark as Asset`.
3.  **Save Asset File:** Save the `.blend` file containing your marked assets into the designated asset library directory.
4.  **Access in Asset Browser:** Open the `Asset Browser` editor (`Editor Type` dropdown in any editor window). Your marked assets will appear and can be dragged and dropped into any scene.

**7. Keyboard Shortcut Customization for Robotics Workflows**
1.  **Open Preferences:** Go to `Edit > Preferences`.
2.  **Navigate to Keymap:** In the Preferences window, select the `Keymap` section on the left sidebar.
3.  **Search and Edit Shortcuts:** Use the search bar to find existing shortcuts. Click on a shortcut to expand its settings and modify the key binding or other properties.
4.  **Add New Shortcuts:** Click `Add New` to create a custom shortcut. Define the `Key Binding` and the `Operator` (Blender function) it triggers. This can also be a Python script.
5.  **Save Preferences:** Ensure `Auto Save Preferences` is enabled, or manually click `Save Preferences`.","Problem: Default values for custom properties are not set carefully, leading to unexpected behavior in animations or simulations. | Fix: Always set meaningful `Default Value` for custom properties, especially if they are intended for keyframing or driving other properties. Avoid using `0` as a default if it could cause nonsensical scaling or other issues.
Problem: Relying on Blender's internal physics properties for Isaac Sim simulations. | Fix: Understand that Isaac Sim uses its own physics engine. While Blender can define basic collision shapes, mass, and friction, these often need to be explicitly set or overridden within Isaac Sim by creating and assigning `Physics Materials`.
Problem: When moving an object's origin, the entire object moves instead of just the origin. | Fix: Ensure you are in `Object Mode` and use the `Object > Set Origin > Origin to 3D Cursor` method after precisely positioning the 3D cursor. Alternatively, use the `Affect Only > Origins` option in the `Tools` tab (T-panel) and then move the origin.
Problem: Typing directly into the property window for Euler angle orientation in Isaac Sim (version 2022.2.0) does not work. | Fix: Use quaternion angles instead, or manipulate the object's rotation using the gizmo directly.
Problem: Difficulty in managing and finding specific assets in large projects. | Fix: Utilize the `Asset Library` feature by consistently marking reusable components (objects, materials, node groups) as assets and organizing them into well-defined asset libraries. This allows for easy searching and drag-and-drop functionality.","Tip: For custom properties, leverage the `Subtype` option for float properties (e.g., `Angle`, `Distance`, `Time`, `Percentage`) to provide semantic meaning and appropriate unit display in the UI, which can be very helpful for robotics-related parameters.
Tip: When exporting models from Blender to Isaac Sim, consider using the USD (Universal Scene Description) format. This format is natively supported by Isaac Sim and can carry various properties, including custom metadata, more effectively than other formats.
Tip: For complex pivot point adjustments, explore community add-ons like an ""Align Tools"" addon that allows direct input of pivot point coordinates.
Tip: When using drivers, consider combining them with custom properties to create intuitive controls for complex robot mechanisms. For example, a single custom property slider can control multiple joint angles through drivers, simplifying animation and interaction.
Tip: When batch renaming, utilize `Regular Expressions` in the `Find/Replace` operation for highly flexible and powerful renaming tasks, especially when dealing with complex naming conventions often found in robotics models.
Tip: Beyond just objects, mark materials, node groups, and even poses as assets in the Asset Library. This allows for rapid prototyping and consistent styling across different robot designs.
Tip: For highly repetitive tasks in your robotics workflow, consider writing small Python scripts and assigning them to custom keyboard shortcuts. This can significantly speed up your workflow by automating mundane actions.",
"Blender non-destructive modeling for simulation assets: using modifiers (Mirror, Array, Boolean) for complex assemblies, when to apply modifiers before export, using linked duplicates for identical robot parts, instancing for performance, the difference between real instances and linked objects, and how to manage modifier stacks for clean USD export",Blender Non-Destructive Modeling for Simulation Assets,"Blender's non-destructive modeling techniques are crucial for creating flexible and efficient simulation assets, particularly in robotics. This approach allows for modifications and iterations without permanently altering the base mesh, which is invaluable when designing complex robotic components that may require frequent adjustments. The core of non-destructive modeling in Blender lies in the use of modifiers, linked duplicates, and instancing.

Modifiers are automated operations that affect an object's geometry in a non-destructive way. They can be stacked, and their order in the stack significantly impacts the final result. For robotics simulation assets, key modifiers include the Mirror, Array, and Boolean modifiers. The Mirror modifier creates a mirrored copy of a mesh along its local X, Y, and/or Z axes, across the object's origin. It is essential for symmetrical robot parts, allowing for efficient modeling of one half and automatically generating the other. The ability to use another object as the mirror center provides flexibility for complex assemblies. The Array modifier generates multiple copies of an input geometry and arranges them in linear, circular, or custom patterns. This is highly beneficial for repetitive elements in robotic designs, such as treads, gear teeth, or multiple identical sensors. It offers control over count, spacing, and randomization, enabling both precise and organic duplication. The Boolean modifier performs operations (Intersect, Union, Difference) on meshes, allowing for complex shape creation by combining and subtracting objects. For instance, it can be used to create precise cutouts for mounting points or to combine multiple simple shapes into a complex robotic component.

When preparing assets for export to simulation environments like Isaac Sim via Universal Scene Description (USD), managing the modifier stack is critical. USD export in Blender typically requires modifiers to be applied to ensure the geometry is correctly represented in the target application. While Blender's USD exporter has an option to apply modifiers during export, complex stacks, especially those involving armatures or shape keys, may not export correctly if not managed properly. It is often best practice to apply modifiers that define the final static geometry (like Mirror, Array, or Boolean) before export, while keeping deform modifiers (like Armature) active if the asset requires animation.

For identical robot parts, such as wheels or sensors, using linked duplicates or instancing is highly recommended for performance optimization. A linked duplicate creates a new object that shares the same mesh data as the original. Modifying the mesh of one linked duplicate updates all others, ensuring consistency across the assembly. However, each linked duplicate maintains its own transform properties (location, rotation, scale). Instancing, on the other hand, involves rendering multiple copies of an object without creating separate object data blocks for each instance. This significantly reduces memory usage and improves viewport and render performance, making it ideal for large-scale simulations with numerous identical components. The key difference is that linked duplicates are separate objects sharing mesh data, while instances are essentially references to a single object, often created using particle systems or geometry nodes.","1.  **Using the Mirror Modifier for Symmetrical Parts:**
    *   **Step 1: Add a Mirror Modifier.** Select the object you want to mirror. Go to the `Properties` panel (usually on the right side of the Blender interface), click the `Modifier Properties` tab (looks like a wrench icon), and then click `Add Modifier`. Select `Generate` -> `Mirror` [3].
    *   **Step 2: Configure Mirror Axis.** In the Mirror Modifier settings, select the `Axis` (X, Y, or Z) along which you want to mirror. For most robotics components, the X-axis is common for left/right symmetry [4].
    *   **Step 3: Set Mirror Object (Optional).** For more complex mirroring or when the object's origin is not at the desired mirror plane, you can specify a `Mirror Object`. Add an Empty object (`Shift + A` -> `Empty` -> `Plain Axes`) and position it at the exact center of your desired symmetry. Then, in the Mirror Modifier settings, use the `Object Selector` (eyedropper icon) to select the Empty object [4].
    *   **Step 4: Enable Clipping.** To prevent vertices from crossing the mirror plane during editing, enable `Clipping` in the Mirror Modifier settings. This will snap vertices together if they are within the `Merge Distance` [4].
    *   **Step 5: Apply Modifier (Before Export).** Before exporting to USD, if the mirrored geometry needs to be finalized, select the object, go to the Modifier Properties, and click the `Apply` button on the Mirror Modifier. This converts the mirrored preview into actual geometry.

2.  **Using the Array Modifier for Repetitive Elements:**
    *   **Step 1: Add an Array Modifier.** Select the object. Go to `Modifier Properties` -> `Add Modifier` -> `Generate` -> `Array` [5].
    *   **Step 2: Set Count.** In the Array Modifier settings, adjust the `Count` to define how many copies of the object you want [5].
    *   **Step 3: Configure Offset.** Choose an `Offset Method`. `Relative Offset` (default) spaces copies based on the object's bounding box. `Constant Offset` uses a fixed distance. `Object Offset` allows you to use another object (e.g., an Empty) to define the offset and rotation for each array instance, which is powerful for complex patterns [5].
    *   **Step 4: Apply Modifier (Before Export).** Similar to the Mirror Modifier, apply the Array Modifier before exporting to USD if the duplicated geometry needs to be fixed [5].

3.  **Using the Boolean Modifier for Complex Shapes:**
    *   **Step 1: Prepare Objects.** You need two mesh objects: the `Modifier Object` (the one that will be cut or combined) and the `Operand Object` (the one performing the Boolean operation). Position them so they overlap as desired [6].
    *   **Step 2: Add a Boolean Modifier.** Select the `Modifier Object`. Go to `Modifier Properties` -> `Add Modifier` -> `Generate` -> `Boolean` [6].
    *   **Step 3: Select Operation.** Choose the `Operation`: `Difference` (cuts the operand from the modifier object), `Union` (combines both objects), or `Intersect` (keeps only the overlapping volume) [6].
    *   **Step 4: Select Operand Object.** Use the `Object Selector` (eyedropper icon) to select the `Operand Object` [6].
    *   **Step 5: Choose Solver.** For robust results, especially with complex or overlapping geometry, set the `Solver` to `Exact`. For simpler, manifold meshes, `Fast` or `Manifold` can offer better performance [6].
    *   **Step 6: Hide Operand Object.** After setting up the Boolean, you can hide the `Operand Object` (select it and press `H`) to see the result of the modifier [6].
    *   **Step 7: Apply Modifier (Before Export).** Apply the Boolean Modifier before USD export to bake the changes into the mesh [6].

4.  **Creating Linked Duplicates for Identical Parts:**
    *   **Step 1: Select Object.** Select the object you want to duplicate.
    *   **Step 2: Create Linked Duplicate.** Press `Alt + D` (instead of `Shift + D` for a regular duplicate). This creates a new object that shares the same mesh data as the original [7].
    *   **Step 3: Position.** Move, rotate, and scale the linked duplicate as needed. Its transform properties are independent of the original [7].
    *   **Benefit:** Any changes made to the mesh in `Edit Mode` on one linked duplicate will be reflected across all linked copies, ensuring consistency and reducing file size [7].

5.  **Managing Modifier Stacks for USD Export:**
    *   **General Rule:** For reliable USD export, especially to simulation environments, it is generally recommended to `Apply` modifiers that define the final geometry (e.g., Mirror, Array, Boolean, Subdivision Surface) before export. This bakes the changes into the mesh data [8].
    *   **Deform Modifiers:** Modifiers like `Armature` (for rigging) or `Lattice` should typically be kept unapplied if the asset is intended for animation or dynamic deformation in the simulation. The USD exporter in Blender can handle some deform modifiers, but complex setups might require specific considerations or baking animations [9].
    *   **Export Settings:** When exporting to USD (`File` -> `Export` -> `Universal Scene Description (.usd)`), check the export options. Look for settings related to applying modifiers or baking animations. Some exporters might have a checkbox like `Apply Modifiers` [8].
    *   **Verification:** After export, always verify the USD asset in a USD viewer (like `usdview` from the USD SDK) or the target simulation environment (e.g., Isaac Sim) to ensure modifiers were applied correctly and the geometry is as expected.","Problem: Expecting linked duplicates to significantly improve real-time viewport performance. | Fix: While linked duplicates reduce file size and loading times, and simplify scene management by linking mesh data, they do not always dramatically improve real-time viewport performance, especially with high polygon counts. Their primary benefit is in efficient asset management and consistency across identical parts [1].
Problem: Modifiers are not being applied or are causing unexpected results after exporting to USD or other external formats. | Fix: Most external applications and file formats (including USD for many cases) do not inherently understand Blender's modifier stack. It is generally necessary to `Apply` modifiers that define the final geometry (e.g., Mirror, Array, Boolean, Subdivision Surface) before exporting the asset. Always save a backup of your Blender file before applying modifiers, as this is a destructive operation. For USD export, specifically check the export settings for an `Apply Modifiers` option, but be aware that some complex modifiers (like certain deformers or those with complex rigging) might still require manual application or baking [8] [9] [10].
Problem: Boolean operations result in messy geometry, artifacts, or unexpected holes. | Fix: The Boolean modifier works best with **manifold** meshes (meshes that have a clear inside and outside, with no holes or internal faces). Using non-manifold geometry can lead to unpredictable results. Ensure both the modifier object and the operand object are clean, manifold meshes. If issues persist, try changing the `Solver` type in the Boolean modifier settings to `Exact` for more robust, albeit slower, calculations, especially with overlapping geometry [6].
Problem: Unable to move vertices away from the mirror plane when using the Mirror Modifier. | Fix: If `Clipping` is enabled in the Mirror Modifier, vertices on the mirror plane are prevented from moving away from it. To move these vertices, temporarily disable `Clipping`, make your adjustments, and then re-enable `Clipping` if needed [4].
Problem: Complex modifier stacks on rigged objects are discarded or not fully supported during USD export. | Fix: Blender's USD exporter has limitations, especially with complex modifier stacks on rigged objects. While it can export armatures and skinned meshes, other modifiers in addition to the Armature modifier might not be fully supported or could be discarded. For such cases, consider baking animations or applying non-deforming modifiers before export. Always verify the exported USD asset in a USD viewer or the target simulation environment [9] [10].","Tip: Use Empties as `Mirror Objects` or `Object Offsets` for precise control. Instead of relying on the object's origin for mirroring or array offsets, create an Empty object (`Shift + A` -> `Empty` -> `Plain Axes`). Position and rotate this Empty precisely, then select it as the `Mirror Object` in the Mirror Modifier or `Object Offset` in the Array Modifier. This allows for greater flexibility and easier adjustments, especially in complex assemblies [4] [5].
Tip: Organize your modifier stack strategically. The order of modifiers matters. Generally, `Generate` modifiers (like Mirror, Array, Boolean) should come before `Deform` modifiers (like Armature, Subdivision Surface). Experiment with the order to achieve desired results, especially when combining multiple modifiers. You can reorder modifiers in the `Modifier Properties` panel by dragging them up or down [9].
Tip: Leverage `Geometry Nodes` for advanced instancing and procedural generation. For highly complex or procedural patterns of duplication and instancing, `Geometry Nodes` offer unparalleled control and performance. They allow you to create custom non-destructive workflows for generating and manipulating geometry, which can be particularly powerful for robotics simulation assets with many repetitive or parametrically defined parts.
Tip: Create a clean base mesh before applying modifiers. While modifiers are non-destructive, starting with a clean, well-structured base mesh will prevent many issues down the line. Avoid excessive geometry, non-manifold edges, or overlapping faces before applying modifiers, especially for Boolean operations.
Tip: Use `Collections` for better organization and instancing. Group related objects into collections (`M` key to move selected objects to a new collection). Collections can then be instanced (`Shift + A` -> `Collection Instance`), which is a very efficient way to duplicate complex assemblies. This is particularly useful for modular robot designs where entire sub-assemblies need to be reused [7].
Tip: Understand the difference between `Alt + D` (Linked Duplicate) and `Shift + D` (Regular Duplicate). `Alt + D` creates a new object that shares the same mesh data, saving memory and allowing for global changes to the mesh by editing any one instance. `Shift + D` creates a completely independent copy of both the object and its mesh data. Choose wisely based on whether you need shared mesh data or completely independent objects [7].
Tip: When exporting to USD, consider the target simulation environment's capabilities. Different simulation platforms (like Isaac Sim) might have varying levels of support for Blender's features and USD schema. Always consult the documentation for your specific simulation environment regarding recommended asset preparation and export settings. Sometimes, a more simplified mesh or a specific application of modifiers might be necessary to ensure compatibility and optimal performance.",
"Blender import workflows for robotics: importing STEP/IGES/OBJ/FBX CAD files into Blender, cleaning up imported CAD geometry (removing duplicates, fixing normals, reducing polygon count), using the CAD Sketcher addon, handling multi-body assemblies from CAD, and preparing imported CAD models for Isaac Sim export","Blender Import Workflows for Robotics: STEP/IGES/OBJ/FBX CAD, Geometry Cleanup, CAD Sketcher, Multi-body Assemblies, Isaac Sim Preparation","When preparing 3D assets for robotics simulation platforms like Isaac Sim, the efficient and accurate import of CAD models into Blender is a critical first step. CAD software typically uses boundary representation (B-rep) for defining geometry, which is mathematically precise but fundamentally different from Blender's mesh-based approach. This disparity often leads to significant challenges when directly importing CAD formats such as STEP, IGES, OBJ, or FBX into Blender [1].

Direct imports of formats like OBJ frequently result in models with incorrect scaling and orientation, and critically, multi-body assemblies are often merged into a single object, losing their hierarchical structure and original part names. This necessitates extensive manual cleanup and reconstruction within Blender, which is time-consuming and prone to errors, especially for complex robotic systems [1].

To circumvent these issues, a recommended workflow involves an intermediary conversion step. For STEP files, a highly effective method is to convert them to the GLB (GL Transmission Format) format using a dedicated tool like CAD Assistant. This conversion process is designed to preserve the assembly structure, correct scale, and original part names, allowing for a much smoother import into Blender. Once in Blender, the GLB file can be imported directly via the `glTF 2.0` importer, maintaining the integrity of the CAD assembly [1].

Even with optimized import workflows, some cleanup of imported CAD geometry is often necessary to ensure optimal performance and visual fidelity in Blender and subsequent simulation environments. Common issues include overly dense meshes, incorrect face normals, and problematic shading artifacts [2]. CAD models, when converted to meshes, often consist entirely of triangles. While functional, triangulated topology can be less efficient for certain Blender operations and can lead to undesirable shading. Converting these triangles to quadrilaterals (`Tris to Quads`) can improve mesh flow and simplify editing [2]. Incorrectly oriented face normals (e.g., pointing inwards instead of outwards) can cause rendering glitches and issues in simulation. Blender provides tools to recalculate normals to ensure they consistently face the exterior of the mesh [2]. Imported models may exhibit strange shading or dark patches on flat surfaces due to embedded custom normal data. Resetting vectors and clearing this custom split normal data can resolve these visual anomalies, ensuring smooth and accurate shading [2]. CAD models can be excessively detailed, leading to high polygon counts that negatively impact Blender's viewport performance and simulation speed. The `Decimate` modifier in Blender can be used to simplify meshes while preserving their overall shape. A common strategy involves a two-step decimation: first, a general `Collapse` decimation to reduce overall density, followed by a `Planar` decimation with a low angle limit to flatten unnecessary geometry on planar surfaces without affecting sharp edges [2]. Imported objects might be linked together or possess non-uniform scaling, which can lead to unpredictable behavior when applying modifiers, animations, or physics simulations. Unlinking parented objects (`Clear and Keep Transformation`) and applying the object's scale (`Apply Scale`) are crucial steps to ensure consistent and predictable transformations [2].

For users who need to create or modify precise 2D geometry directly within Blender, the CAD Sketcher addon offers a powerful solution. It is a free and open-source constraint-based sketcher that brings CAD-like precision modeling to Blender's mesh environment. CAD Sketcher allows users to define 2D shapes using geometric constraints such as tangents, dimensions, and angles. These sketches can then be converted into Beziers or meshes, maintaining editability through a non-destructive workflow leveraging Geometry Nodes and modifiers [3]. While still in early development, CAD Sketcher aims to be a cornerstone for precision modeling in Blender, with future plans to expand into 3D constraints, mesh face parametric referencing, and potentially even assemblies and NURBS integration. This addon is particularly valuable for robotics applications where precise dimensions and geometric relationships are paramount [3].

For Isaac Sim, the goal is to have a clean, optimized, and correctly scaled model with a well-defined hierarchy. The cleanup steps mentioned above are directly applicable to preparing models for Isaac Sim. Ensuring correct normals, reduced polygon counts, and proper scaling are fundamental for accurate physics simulations and efficient rendering within the Isaac Sim environment. The hierarchical structure preserved by the GLB import workflow is also crucial for defining joints and linkages in a robotics simulation [1, 2].

**References:**
[1] [How to Import CAD Assemblies into Blender (STEP/IGES to Blender Workflow - YouTube](https://www.youtube.com/watch?v=AAK7Cbl_ujM)
[2] [Repair Geometry and Import Meshes (OBJ, FBX, ...) - Blender Tutorial - YouTube](https://www.youtube.com/watch?v=h-_GhIbGuh8)
[3] [CAD Sketcher | Blender Parametric Precision Modeling](https://www.cadsketcher.com/)","1.  **Importing STEP/IGES CAD Files (Recommended Workflow):**
    1.  **Export from CAD Software:** Export your assembly from the CAD software (e.g., NX) as a **STEP** file.
        *   *Menu Path (in NX):* `File > Export > STEP...`
    2.  **Convert to GLB using CAD Assistant:**
        *   Download and open **CAD Assistant**.
        *   Open the exported STEP file in CAD Assistant.
        *   Click the Save icon.
        *   Select `glb` from the format list and save the file.
    3.  **Import into Blender:**
        *   *Menu Path (in Blender):* `File > Import > glTF 2.0`
        *   Select the converted GLB file.

2.  **Cleaning Up Imported CAD Geometry:**
    1.  **Converting Triangles to Quads:**
        *   Enter **Edit Mode** (`Tab`).
        *   Select the entire mesh (`A`).
        *   Use the search function (`Spacebar` or `F3`) and type `Tris to Quads`.
    2.  **Fixing Normals (Face Orientation):**
        *   Enter **Edit Mode** (`Tab`).
        *   Select all faces (`A`).
        *   *Menu Path:* `Mesh > Normals > Recalculate Outside`.
    3.  **Resetting Vectors & Clearing Custom Split Data:**
        *   **Reset Vectors:** In **Edit Mode** (`Tab`), select affected faces.
            *   *Menu Path:* `Mesh > Normals > Reset Vectors`.
        *   **Clear Custom Split Normals Data:** Go to the **Object Data Properties** panel (green triangle icon).
            *   Expand `Geometry Data`.
            *   Click `Clear Custom Split Normals Data`.
    4.  **Reducing Polygon Count (Decimate Planar):**
        *   In **Object Mode**, select the mesh.
        *   Go to the **Modifier Properties** tab (wrench icon).
        *   Add a `Decimate` modifier (default 'Collapse' method).
        *   Add a second `Decimate` modifier and set its `Mode` to `Planar`.
        *   Adjust the `Angle Limit` (e.g., to 0.5 degrees) to control simplification.
        *   Apply both modifiers.
    5.  **Unlinking Geometry and Applying Scale:**
        *   **Unlink Geometry:** Select the object.
            *   *Shortcut:* `Alt + P`.
            *   Choose `Clear and Keep Transformation`.
        *   **Apply Scale:** Select the object.
            *   *Shortcut:* `Ctrl + A`.
            *   Choose `Scale`.

3.  **Using the CAD Sketcher Addon:**
    1.  **Installation:** (Refer to CAD Sketcher documentation for detailed installation steps, typically involves downloading the ZIP and installing via Blender's preferences: `Edit > Preferences > Add-ons > Install...`).
    2.  **Creating a Sketch:** (Specific steps depend on the addon's interface, generally involves selecting a plane and entering sketch mode).
    3.  **Defining Constraints:** Use the CAD Sketcher tools to add geometric constraints (e.g., tangents, dimensions, angles) to your 2D shapes.
    4.  **Converting to Mesh/Bezier:** Convert the constrained sketch into a Blender mesh or Bezier curve for further 3D modeling, leveraging Geometry Nodes and modifiers for non-destructive workflows.","Problem: Direct import of OBJ files results in incorrect rotation and scale. | Fix: Manually correct rotation using `Numpad -`, `Numpad 9`, `Numpad 0`, `Numpad Enter` and scale using `S` in Blender. Alternatively, use the recommended STEP to GLB workflow to avoid these issues. | Problem: Direct import of OBJ files merges multi-body assemblies into a single object, losing hierarchy and part names. | Fix: In Edit Mode, select all (`A`), then open the Separate menu (`P`) and choose 'By Loose Parts'. Alternatively, use the recommended STEP to GLB workflow to preserve assembly structure. | Problem: Imported models have triangulated topology, which can be messy. | Fix: In Edit Mode, select the mesh, use the search function (`Spacebar` or `F3`), and type 'Tris to Quads' to convert triangles to quadrilaterals. | Problem: Incorrect face orientation (normals pointing inwards). | Fix: In Edit Mode, select all faces, then go to `Mesh > Normals > Recalculate Outside`. | Problem: Strange shading or dark artifacts on flat surfaces due to custom normal data. | Fix: In Edit Mode, select affected faces and go to `Mesh > Normals > Reset Vectors`. If issues persist, go to Object Data Properties (green triangle icon), expand `Geometry Data`, and click `Clear Custom Split Normals Data`. | Problem: Overly dense meshes negatively impact performance. | Fix: Apply a `Decimate modifier` (Collapse method) for general density reduction, then apply a second `Decimate modifier` (Planar method) with a low `Angle Limit` (e.g., 0.5 degrees) to flatten planar surfaces. Apply modifiers to bake the simplified mesh. | Problem: Imported objects are linked or have incorrect scaling, leading to unpredictable behavior. | Fix: To unlink parented objects, select the object, press `Alt + P`, and choose 'Clear and Keep Transformation'. To apply scale, select the object, press `Ctrl + A`, and select 'Scale'.","Tip: Use GLB conversion via CAD Assistant to preserve assembly structure, scale, and part names when importing STEP files into Blender for robotics simulation, avoiding manual cleanup of merged objects and incorrect transformations. | Tip: Always apply object scale (`Ctrl + A > Scale`) after importing or modifying objects to ensure tools, modifiers, and physics simulations behave predictably in Blender and Isaac Sim. | Tip: When reducing polygon count, use a two-step decimation process: first, a general 'Collapse' decimation for overall density reduction, followed by a 'Planar' decimation with a low angle limit (e.g., 0.5 degrees) to flatten planar surfaces while preserving sharp edges. | Tip: Leverage the CAD Sketcher addon for precise 2D geometry creation within Blender, utilizing its constraint-based sketching for accurate dimensions and geometric relationships, which is highly beneficial for robotics component design.",
