Subject,Topic,Hierarchy Setup,Pivot Placement Procedure,Common Errors and Fixes,Pro Tips,Isaac Sim / URDF Notes,Error
"Blender door hierarchy tutorial: how to model a realistic door with correct pivot at hinge axis, door knob placement and pivot, door frame as root parent, door panel as child, door knob as child of door panel, setting origins at hinge line, limit rotation constraints for door swing, common mistakes like door rotating from center instead of hinge, and exporting door assembly to Isaac Sim USD format",Blender Door Hierarchy and Isaac Sim Export for Robotics Simulation,"1. **Parenting the Door Knob to the Door Panel:**
    *   Select the **door knob** (child object).
    *   Hold `Shift` and select the **door panel** (parent object) last.
    *   Press `Ctrl + P` to open the 'Set Parent To' menu.
    *   Choose **`Object (Keep Transform)`** to maintain the knob's position.
2. **Parenting the Door Panel to the Door Frame:**
    *   Select the **door panel** (child object). The door knob, being a child of the panel, will automatically follow.
    *   Hold `Shift` and select the **door frame** (parent object) last.
    *   Press `Ctrl + P` to open the 'Set Parent To' menu.
    *   Choose **`Object (Keep Transform)`** to maintain the panel's position.","1. **Setting Door Pivot at Hinge Axis:**
    *   Select the door object.
    *   Position the **3D Cursor** exactly where the hinge should be (on the edge of the door). This can be done by entering Edit Mode (`Tab`), selecting the edge or vertices that define the hinge line, pressing `Shift + S`, and choosing `Cursor to Selected`. Then, return to Object Mode (`Tab`).
    *   In Object Mode, navigate to the top menu: **`Object` -> `Set Origin` -> `Origin to 3D Cursor`**.
    *   Now, the door will rotate around this new origin point, simulating a hinge.
2. **Door Knob Pivot:**
    *   The door knob's pivot point should ideally be at its rotational axis. After modeling the knob, ensure its origin is centered to its geometry: **`Object` -> `Set Origin` -> `Origin to Geometry`**.","Problem: Door rotates from its center instead of the hinge. | Fix: Ensure the door object's origin is set to the 3D Cursor positioned at the hinge line using `Object` -> `Set Origin` -> `Origin to 3D Cursor`.
Problem: Erratic movement when using Limit Rotation and Pivot constraints. | Fix: The `Limit Rotation` constraint must be placed **above** the `Pivot` constraint in the stack within the `Constraint Properties` tab. Drag the `Limit Rotation` constraint using the grip icon to reorder it.","Tip: When setting up constraints, consider checking the `Affect Transform` box within the `Limit Rotation` constraint settings for more predictable behavior.
Tip: Instead of locking X and Y axes in the N-panel (sidebar), you can achieve the same effect by adding a `Limit Rotation` constraint, checking the X and Y axes, and setting their Min and Max values to `0°`.","Blender's native USD export for armatures creates a skeletal animation hierarchy (Skel/bones) suitable for visual animation, but it is not directly compatible with Isaac Sim's robotics articulation system. Isaac Sim requires physics articulations, including an articulation root, physics joints (e.g., `UsdPhysicsRevoluteJoint`), and rigid bodies with mass/collision. The recommended workflow involves modeling components in Blender, exporting them as individual meshes (OBJ/STL), and then authoring a URDF file to define the links, joints, and articulation. This URDF is then imported into Isaac Sim, which correctly generates the necessary physics schemas. Alternatively, an existing URDF can be imported into Isaac Sim, and its mesh references can be swapped with Blender-exported visuals.",
"Blender cabinet hierarchy tutorial: modeling a complete cabinet with body, multiple doors, drawers, handles and knobs, correct hierarchy structure (cabinet body > door empty at hinge > door mesh > handle), drawer slides and linear motion, setting up drawer pull-out limits, organizing all parts in collections, naming conventions for simulation export, and how to define prismatic joints for drawers in URDF",Blender Cabinet Hierarchy for Robotics Simulation,"1.  **Separate Components:** Model each functional part of the cabinet (body, doors, drawers, handles, knobs, drawer slides) as separate Blender objects.
2.  **Parenting for Doors:**
    *   For each door, create an **Empty** object (e.g., `Empty.door_hinge_L`).
    *   Position the Empty at the exact location of the door's hinge pivot point. This Empty will act as the hinge.
    *   Parent the door mesh to this Empty (`Door_L_Mesh` -> `Empty.door_hinge_L`). Select the door mesh, then the Empty, and press **`Ctrl + P` > `Object (Keep Transform)`**.
    *   Parent the handle/knob to the door mesh (`Handle_L_Mesh` -> `Door_L_Mesh`). Select the handle, then the door mesh, and press **`Ctrl + P` > `Object (Keep Transform)`**.
3.  **Parenting for Drawers:**
    *   For each drawer, create an **Empty** object (e.g., `Empty.drawer_slide_front`).
    *   Position this Empty at the front center of the drawer, where the linear motion will originate.
    *   Parent the drawer mesh to this Empty (`Drawer_1_Mesh` -> `Empty.drawer_slide_front`).
    *   Parent the handle/knob to the drawer mesh (`Handle_Drawer_1_Mesh` -> `Drawer_1_Mesh`).
    *   Parent the drawer slides to the drawer mesh (`Drawer_Slides_1_Mesh` -> `Drawer_1_Mesh`). This groups the visual components of the drawer together.
    *   To define linear motion and pull-out limits for drawers, use Blender's **Limit Location Constraint**. Select the drawer's Empty (e.g., `Empty.drawer_slide_front`), go to **Constraint Properties** (blue chain icon in Properties panel), add an **Object Constraint** of type **`Limit Location`**. Set the minimum and maximum values for the axis along which the drawer moves (e.g., X, Y, or Z) to define its pull-out range. Ensure other axes are locked or have a range of 0.
4.  **Cabinet Body as Root:** Parent all door empties and drawer empties to the main cabinet body (`Empty.door_hinge_L` -> `Cabinet_Body_Mesh`, `Empty.drawer_slide_front` -> `Cabinet_Body_Mesh`). This establishes the cabinet body as the root of the articulated structure.
5.  **Organizing in Collections:**
    *   Use Blender Collections to group related objects. For example, create a collection for `Cabinet_Main`, `Door_Left`, `Door_Right`, `Drawer_1`, etc.
    *   This helps in managing complex scenes and can be beneficial for selective export.
    *   To create a new collection, select objects, press **`M`**, and choose **`New Collection`**.
6.  **Naming Conventions for Simulation Export:**
    *   Follow a consistent naming convention. For URDF, names should be unique and descriptive.
    *   Blender Studio recommends ""no caps, no gaps"" (lowercase, no whitespaces), using underscores for spacing and dashes to separate items (e.g., `cabinet_body`, `door_left_mesh`, `handle_drawer_1`).
    *   Use prefixes or suffixes to denote object type or function (e.g., `empty.door_L_hinge`, `mesh.door_L`).","1.  **Using the 3D Cursor Method for Hinges:**
    *   Select the object (e.g., door) and enter **Edit Mode**.
    *   Select the specific edge or vertices where the physical hinge would be located.
    *   Press **`Shift + S`** to open the snap menu and choose **`Cursor to Selected`**. This places the 3D cursor precisely on the hinge line.
    *   Return to **Object Mode**.
    *   Change the **Transform Pivot Point** dropdown (top center of 3D viewport) to **`3D Cursor`**.
    *   Now, when you press **`R`** to rotate, the object will swing open naturally from the hinge.
2.  **Using the Active Element Method (in Edit Mode):**
    *   In **Edit Mode**, select the geometry of the object.
    *   Ensure the very last component you select (so it becomes the white-outlined Active Element) is on the hinge edge.
    *   Change the **Transform Pivot Point** dropdown to **`Active Element`**.
    *   Rotating will now pivot the selection around that specific hinge component.
3.  **Reset Origin Point:** If an object's origin point has been moved unintentionally, reset it by going to **`Object > Set Origin > Origin to Geometry`**.","Problem: Blender armatures (skeletal animation) are not recognized as physics articulations in Isaac Sim. | Fix: Use Blender for geometry and visuals only. Define the robot's kinematics (links, joints, rigid bodies) in a URDF file and import that into Isaac Sim.
Problem: Exported meshes (e.g., OBJ) from Blender have incorrect rotation or orientation in other applications/simulators. | Fix: Adjust export settings in Blender to match the target application's coordinate system (e.g., Y-up vs. Z-up). Sometimes re-exporting through an intermediate format like STL and cleaning in a tool like Meshlab can resolve mesh issues.
Problem: URDF export plugins (e.g., Phobos, Linkforge) fail to generate files or produce errors. | Fix: Ensure the plugin is correctly installed and configured. Check for compatibility issues with your Blender version. Refer to the plugin's documentation or community forums for specific troubleshooting steps.
Problem: Custom URDF files are not imported properly into Isaac Sim or cause unexpected behavior. | Fix: The issue often lies within the URDF file itself. Carefully review the URDF for correct syntax, proper link and joint definitions, accurate origins, axes, and limits. Validate the URDF using external tools if available.","Tip: When modeling articulated objects, always separate functional parts into distinct Blender objects (e.g., cabinet body, individual doors, individual drawers, handles). This makes hierarchy setup and animation much easier.
Tip: Use Blender's 'Limit Location' constraint for drawers to define their pull-out limits. This ensures realistic linear motion and prevents the drawer from detaching or moving beyond its physical boundaries. (Constraint Properties > Add Object Constraint > Limit Location).
Tip: For precise pivot point placement for hinges (doors) or linear motion (drawers), use the 3D Cursor. Snap the 3D Cursor to selected vertices or edges at the desired pivot location, then set the object's origin to the 3D Cursor (`Object > Set Origin > Origin to 3D Cursor`).
Tip: Adopt a consistent and clear naming convention for all objects, empties, and collections. Use descriptive, lowercase names with underscores for spaces (e.g., `cabinet_body`, `door_left_mesh`, `drawer_front_empty`). This is crucial for readability and proper URDF export.","Blender's Armature exports to USD as a skeletal animation hierarchy, which Isaac Sim's Robot/Articulation system does not directly recognize as physics articulations. Isaac Sim expects physics articulations defined by `UsdPhysicsArticulationRootAPI`, `UsdPhysicsRevoluteJoint`, `UsdPhysicsPrismaticJoint`, and `UsdPhysicsRigidBodyAPI`. The recommended workflow is to use Blender for geometry and visuals, and then define the robot as a URDF (or MJCF) and import it via Isaac Sim's URDF importer. This importer creates the correct articulation root, joints, and rigid bodies. There are no special Blender ""joint"" settings that make the armature become physics joints; the joint structure must come from URDF.",
"Blender robotic arm hierarchy tutorial: modeling a 6-DOF robot arm with base, shoulder, upper arm, forearm, wrist, and end effector, using Empty objects at each joint pivot, correct parenting chain, applying transforms before parenting, setting rotation limits for each joint, exporting to URDF for Isaac Sim, and common mistakes like wrong joint axis orientation",Blender Robotic Arm Modeling for Isaac Sim/URDF Export,"1.  **Start with the Base Bone:** In Blender, add a single bone (`Shift + A` > Armature > Single Bone) to represent the base of the robot arm. This will be the root of your hierarchy. 
2.  **Extrude for Subsequent Links:** Select the end of the base bone (the head or tail in Edit Mode) and extrude (`E`) to create the next bone in the chain (e.g., shoulder). This automatically establishes a parent-child relationship. 
3.  **Repeat for All Joints:** Continue extruding bones for each subsequent link of the 6-DOF robot arm: upper arm, forearm, wrist, and end effector. Each extrusion creates a new child bone, forming a complete kinematic chain. 
4.  **Parent Meshes to Bones:** For each mesh part of the robot, select the mesh, then select its corresponding bone in Pose Mode. Parent the object to the bone using `Ctrl + P` > Bone. This ensures the mesh moves with its assigned bone. 
5.  **Apply Transforms Before Parenting:** Before parenting, ensure all transforms (location, rotation, scale) are applied to the mesh objects (`Ctrl + A` > All Transforms) to avoid unexpected scaling or rotation issues.","1.  **Select Joint Geometry:** In Blender, select the mesh geometry that represents the center of the joint where the pivot should be (e.g., a cylindrical part). 
2.  **Snap 3D Cursor to Selection:** Use the shortcut `Shift + S` and select `Cursor to Selected`. This moves the 3D cursor to the exact center of your selected geometry. 
3.  **Enter Edit Mode for Armature:** Select the armature and enter Edit Mode (`Tab`). 
4.  **Select Bone Joint:** Select either the head or tail of the bone that corresponds to the joint you are placing the pivot for. 
5.  **Snap Bone Joint to 3D Cursor:** Use the shortcut `Shift + S` and select `Selection to Cursor`. This will move the selected bone joint to the precise location of the 3D cursor, ensuring accurate pivot placement.","Problem: Incorrect joint axis orientation and unpredictable rotation due to unaligned local axes. | Fix: After building the bone chain, select all bones in Edit Mode and use `Shift + N` to Recalculate Roll, aligning the local axes for predictable rotation and proper IK solver function. Problem: `xacro: command not found` error when converting XACRO to URDF. | Fix: Install xacro using `sudo apt install ros-$ROS_DISTRO-xacro` in a ROS sourced terminal. Problem: Multiple articulation roots when connecting robot parts in Isaac Sim. | Fix: Ensure only a single articulation root is selected for the robot. When connecting a gripper to a robot, remove the `Articulation Root` from the gripper's `Physics Articulation Root` section in the Property Editor.","Tip: Always use the `Shift + S` menu for precise snapping of the 3D cursor to selected geometry and then snapping bone joints to the 3D cursor for accurate pivot placement. Tip: After creating the bone chain, use `Shift + N` (Recalculate Roll) to ensure all bone local axes are correctly aligned, which is vital for predictable rotation and proper Inverse Kinematics (IK) solver functionality. Tip: Utilize custom bone shapes (Bone Properties > Viewport Display > Custom Object) to make the rig more intuitive and easier for animators to select and manipulate control bones. Tip: Consider using Blender add-ons like Phobos for a WYSIWYG environment to create and export URDF, SDF, or SMURF robot models, as it offers features like batch editing, auto-generation of collision objects, and inertia tensors. Tip: For gripper rigging, create additional bones parented to the wrist bone and use constraints like 'Copy Rotation' or 'Transformation' to link finger movements to a single control bone, simplifying animation. Use 'Symmetrize' for symmetrical gripper designs. Tip: Before parenting any mesh objects to bones, ensure all transforms (location, rotation, scale) are applied to the mesh objects (`Ctrl + A` > All Transforms) to prevent unexpected scaling or rotation issues in the rigged model.","Isaac Sim primarily uses URDF (Unified Robot Description Format) or MJCF for defining robots with working joints. When importing URDF files into Isaac Sim, it's crucial to enable the ROS 2 Robot Description URDF Importer Extension (`Window` > `Extensions`, search for `URDF`, enable and `AUTOLOAD`). During import, joint configurations like 'Natural Frequency' need to be set (e.g., 300 for `finger_joint`, 2500 for `Mimic` joints) to ensure sufficient joint stiffness. Connecting multiple robot components, such as a UR10e robot arm and a Robotiq 2F-140 gripper, can be done by importing individual URDFs and then connecting them within Isaac Sim, ensuring a single articulation root for the combined robot. This involves setting `Body0` of the gripper's root joint to the robot's end link (e.g., `/ur/wrist_3_link`) and adding the gripper's link to the robot's `isaac:physics:robotjoints` and `isaac:physics:robotLinks` fields.",
"Blender gripper assembly tutorial: modeling a parallel jaw gripper or multi-finger gripper, pivot points for each finger, symmetric mirroring workflow, setting up open/close motion limits, parent hierarchy for gripper base to fingers, exporting gripper as part of robot arm assembly to Isaac Sim, and testing gripper in simulation",Blender Gripper Assembly Tutorial,"1.  **Model Preparation and Separation:**
    *   In **Edit Mode**, hover over individual mechanical links of the gripper. Press `L` to select all linked geometry for a specific part. Then, press `P` and choose **Separate by Selection** to make each moving part a distinct object. Repeat this for all components that need independent movement.
2.  **Armature Creation and Bone Placement:**
    *   To ensure accurate pivot points for bones, select the circular faces of the mechanical joints in **Edit Mode**. Press `Shift + S` and select **Cursor to Selected** to snap the 3D cursor to the center of the joint. 
    *   Switch to **Object Mode**, add a new Armature (`Shift + A` -> **Armature** -> **Single Bone**). Enter **Edit Mode** for the armature. Position the head of the bone at the 3D cursor. 
    *   Extrude (`E`) bones point-by-point to trace the mechanical four-bar mechanism of the gripper. Continue extruding to create bones for the gripper jaws and any central pushing rods.
3.  **Mesh to Bone Parenting:**
    *   In **Pose Mode** (for the armature), select a specific mesh piece of the gripper. Then, `Shift`-select the corresponding bone that should control it. Press `Ctrl + P` and choose **Bone** to parent the mesh to the bone. Repeat this for every mesh component and its respective controlling bone.
4.  **Kinematic Chain and Control Setup (IK and Master Bone):**
    *   For mechanisms like a central pushing rod driving a jaw via Inverse Kinematics (IK), ensure the pushing rod's bone is disconnected from the main chain. Select the bone in **Pose Mode** and press `Alt + P` to **Clear Parent**.
    *   To apply an IK constraint, select the end bone of the kinematic chain, then `Shift`-select the target bone. Press `Ctrl + Shift + C` and choose **Inverse Kinematics**. 
    *   Create a master control bone (e.g., a single bone rotated 90 degrees) separate from the main armature. Parent the central pushing rods (or other primary control bones) to this master bone using `Ctrl + P` -> **Keep Offset**. Moving this master bone (e.g., on the Y-axis) will then drive the entire IK system to open and close the gripper.","1.  **Precise Pivot Point Definition:**
    *   In **Edit Mode**, select the circular faces or edges that define the rotational axis of a joint. Press `Shift + S` and choose **Cursor to Selected** to place the 3D cursor precisely at the center of the desired pivot. 
    *   When creating a new bone (`Shift + A` -> **Armature** -> **Single Bone**), its head will appear at the 3D cursor's location. This ensures the bone's pivot aligns with the mechanical joint.
2.  **Phobos Link Creation (for URDF Export):**
    *   If using the Phobos add-on for URDF export, select a mesh object. In the Phobos tab, click **Create Link**. This will generate a bone (link) with its origin at the mesh's origin. Ensure your mesh origins are correctly placed at the desired pivot points before creating Phobos links. (Menu Path: **Phobos Tab** -> **Create Link**)","Problem: IK Chain Looping | Fix: When applying Inverse Kinematics, if the bone is still parented to the base, it can create a conflicting loop. Select the bone in **Pose Mode** and press `Alt + P` to **Clear Parent** before applying the IK constraint.
Problem: Accidental Geometry Separation | Fix: When separating mesh parts (`P` -> **Separate by Selection**), accidentally selecting only a face instead of the entire linked object can break the mesh. Always ensure you use `L` (Select Linked) to select the entire connected geometry before separating.
Problem: Incorrect Mesh to Phobos Link Parenting | Fix: When parenting a visual mesh to a Phobos bone/link, standard object parenting (`Ctrl+P` -> **Object**) will not work correctly for URDF export. You **must** select `Ctrl+P` -> **Bone Relative**.
Problem: Phobos Add-on Not Activating/Buggy Behavior | Fix: If the Phobos add-on is buggy during activation or operation, try restarting Blender. For persistent issues, ensure you are using the correct Blender version (e.g., 2.79b for older Phobos versions) and Python environment (e.g., Python 3.5 via Anaconda for compatibility).
Problem: Hidden Collision Objects Not Exporting | Fix: When using Phobos, if collision objects are hidden in the viewport, they will be ignored during URDF export. Ensure all collision objects are **visible** (unhidden using `Alt + H`) before initiating the URDF export process.","Tip: Four-Bar Mechanism Recognition: The underlying mechanical engineering concept of a **Four-Bar Mechanism** is key to simplifying gripper rigging. By tracing this mechanism with bones, a significant portion of the rigging can be completed efficiently.
Tip: Phobos ""Finish"" Operators: After using a Phobos operator (e.g., setting a Phobos type), press `A` (select/deselect all) to ""finish"" the operation. This prevents accidental overwrites or continuous re-execution of the operator when parameters change.
Tip: Use Primitive Collision Shapes: For physics simulators, it is highly recommended to use primitive shapes (Box, Cylinder, Sphere) for collision models rather than complex meshes. They are significantly less computationally expensive.
Tip: Verify Phobos Object Data: If the Phobos UI panel doesn't immediately update, verify an object's Phobos type or geometry by checking the custom properties box in the standard Blender properties panel on the right.
Tip: Test Joint Limits in Pose Mode: Before exporting, test your defined joint limits by entering **Pose Mode** (`Ctrl+Tab`). Rotate (`R`) the links; they should physically stop at the limits you set in the joint constraints.","When exporting a robot model from Blender to Isaac Sim, it is crucial to understand that Blender's Armature exports as a skeletal animation hierarchy (Skel/bones for skinning and animation), which Isaac Sim's Robot/Articulation system does not directly interpret as physics articulations. Isaac Sim expects USD files that define an **articulation root** (`UsdPhysicsArticulationRootAPI`), **physics joints** (`UsdPhysicsRevoluteJoint`, `UsdPhysicsPrismaticJoint`, etc.) between links, and **rigid bodies** (`UsdPhysicsRigidBodyAPI`) on each link with mass/collision. The recommended workflow involves using Blender for visual modeling and then defining the robot's kinematic and physical properties via a **URDF** (Unified Robot Description Format) file. This URDF is then imported into Isaac Sim using its **URDF importer**, which correctly generates the necessary articulation root, joints, and rigid bodies. There are no direct Blender USD export options that convert an armature into a PhysX articulation; the joint structure must originate from the URDF. Alternatively, one can import an existing URDF into Isaac Sim and then replace or add mesh references with Blender-exported meshes, combining Blender's visual fidelity with URDF's behavioral definition. The Isaac Sim documentation emphasizes that the kinematic structure of the robot must be a tree structure, and specific constraints apply to scaling, joint types, and geometry prims for successful URDF export. For instance, link prims should be `Xform`, and geometry prims must be `Cube`, `Sphere`, `Cylinder`, or `Mesh` and act as leaf nodes in the kinematic tree.",
"Blender snap and align techniques for precise positioning: how to snap objects to exact positions using vertex snap, edge snap, face snap, snapping to another object's origin, aligning objects along a specific axis, using the Item panel (N panel) to type exact coordinates, using the 3D cursor as intermediate reference, and practical workflow for precisely placing a door knob on a door face at exact coordinates",Blender Snap and Align Techniques for Precise Positioning,"1.  **Understanding Object Origins:** The object's origin serves as its pivot point for all transformations. When snapping or aligning objects, Blender often uses this origin as the reference point. To manipulate an object's origin:
    *   Select the object in **Object Mode**.
    *   Go to **Object ‣ Set Origin**.
    *   Choose from options like **Origin to Geometry** (centers the origin to the object's mesh), **Origin to 3D Cursor** (moves the origin to the 3D cursor's location), or **Geometry to Origin** (moves the object so its geometry is centered on its origin, which can be at the world origin or 3D cursor).
2.  **Utilizing the 3D Cursor as a Reference:** The 3D cursor is a versatile tool for precise placement, acting as a temporary pivot or reference point in 3D space.
    *   **Placing the 3D Cursor:**
        *   **Manually:** Click anywhere in the 3D Viewport to place the cursor.
        *   **To World Origin:** Press **Shift+S** and select **Cursor to World Origin**.
        *   **To Selected Element:** In **Edit Mode**, select a vertex, edge, or face. Press **Shift+S** and select **Cursor to Selected**. This places the 3D cursor precisely on the selected element.
        *   **Exact Coordinates:** Open the **N panel** (press **N**) in the 3D Viewport. Under the **View** tab, locate the **3D Cursor** section and input precise X, Y, Z coordinates.
    *   **Using the 3D Cursor for Snapping:** Once the 3D cursor is precisely placed, you can snap objects or their origins to it. In the Snapping menu, set **Snap Target** to **3D Cursor**.","1.  **Setting Object Origin to 3D Cursor:**
    *   **Step 1:** Place the 3D cursor at the desired pivot location (e.g., snap to a vertex of another object, or type exact coordinates in the N panel).
    *   **Step 2:** Select the object whose pivot you want to move.
    *   **Step 3:** In **Object Mode**, go to **Object ‣ Set Origin ‣ Origin to 3D Cursor**.
2.  **Snapping Object to 3D Cursor:**
    *   **Step 1:** Place the 3D cursor at the target location.
    *   **Step 2:** Select the object you want to move.
    *   **Step 3:** In **Object Mode**, press **Shift+S** and select **Selection to Cursor (Keep Offset)** to move the object's origin to the 3D cursor while maintaining its relative position, or **Selection to Cursor** to move the object's origin directly to the 3D cursor.
3.  **Aligning Objects using Origins:**
    *   **Step 1:** Select the objects you want to align. The last selected object will be the active object.
    *   **Step 2:** Go to **Object ‣ Transform ‣ Align Objects**.
    *   **Step 3:** In the **Align Objects** panel, set **Align Mode** to **Centers** and **Relative To** to **Active** or **3D Cursor** (if you want to align to a specific point).
    *   **Step 4:** Choose the **Align X, Y, Z** axes to align the objects along.","Problem: Snapping is not working or behaving unexpectedly. | Fix: Ensure snapping is enabled (magnet icon in the 3D Viewport header or **Shift+Tab**). Check the **Snap Target** and **Snap Base** settings to ensure they match your intended behavior (e.g., Vertex, Edge, Face, Closest, Center, Active). Sometimes, having multiple snapping modes enabled can lead to unexpected results; try disabling unnecessary modes.
Problem: Object snaps to the wrong part of the target object. | Fix: Adjust the **Snap Base** setting (e.g., **Closest**, **Center**, **Median**, **Active**). For instance, if you want an object's center to snap, use **Center** as the Snap Base. If you want a specific vertex to snap, ensure that vertex is active or the closest point to the target.
Problem: Objects are not aligning correctly along an axis. | Fix: When using **Object ‣ Transform ‣ Align Objects**, ensure the correct **Align Mode** (e.g., Centers, Positive Sides/Negative Sides) and **Relative To** (e.g., Active, 3D Cursor, Scene Origin) are selected. Also, verify that the correct **Align X, Y, Z** axes are enabled for alignment.
Problem: Unable to input exact numerical values for object position, rotation, or scale. | Fix: Press **N** to open the **N panel** (Sidebar) in the 3D Viewport. Under the **Item** tab (or **View** tab for 3D Cursor), you can find the **Transform** section where you can directly input precise X, Y, Z values for Location, Rotation, and Scale.","Tip: Use **Shift+Tab** to quickly toggle snapping on and off, allowing for fluid transitions between precise and freeform modeling. [2]
Tip: Hold **Ctrl** temporarily to activate snapping while performing a transform operation, providing quick access without changing the global snapping settings. [1]
Tip: When working with complex scenes, utilize the **3D Cursor** as a temporary pivot point. Place the 3D cursor precisely (e.g., by snapping it to a vertex or typing coordinates in the N panel), then snap objects or their origins to the cursor. [1]
Tip: For aligning multiple objects, select them and use **Object ‣ Transform ‣ Align Objects**. Experiment with **Align Mode** (Centers, Positive Sides/Negative Sides) and **Relative To** (Active, Selection, 3D Cursor, Scene Origin) to achieve desired results. [3]
Tip: For precise numerical transformations, always use the **N panel** (Sidebar) by pressing **N**. This allows you to input exact coordinates for Location, Rotation, and Scale, both for objects in Object Mode and for selected elements (vertices, edges, faces) in Edit Mode. [4]
Tip: When snapping in Edit Mode, remember that the snapping behavior applies to the selected mesh elements (vertices, edges, faces) rather than the entire object's origin. [2]","Precise positioning and alignment in Blender are fundamental for creating accurate robotics simulation assets for platforms like Isaac Sim and for defining URDF (Unified Robot Description Format) structures. In Isaac Sim, the physical properties and joint definitions are highly dependent on the exact placement of origins and the alignment of components. For URDF, the `origin` tag within `<link>` and `<joint>` elements specifies the pose of the child link relative to the parent link, or the pose of the joint frame relative to the parent link's frame. Therefore, ensuring that object origins in Blender correspond to the desired joint pivot points and that components are aligned along the correct axes (e.g., Z-axis for rotational joints) is critical. Using Blender's snapping and alignment tools allows for the creation of models where these origins and alignments are exact, directly translating to a more realistic and functional simulation in Isaac Sim or any URDF-based environment. Incorrect pivot placement or misalignment in Blender can lead to unexpected joint behavior, collision issues, or inaccurate kinematics in the simulation. [5] [6]",
